{"cameraMode":{"drawMode":0,"name":"Shaded","section":"Shading Mode"},"sceneLighting":true,"audioPlay":false,"sceneViewState":{"m_AlwaysRefresh":false,"showFog":true,"showSkybox":true,"showFlares":true,"showImageEffects":true,"showParticleSystems":true,"showVisualEffectGraphs":true,"m_FxEnabled":false},"in2DMode":false,"pivot":{"x":12.548233032226563,"y":-307.5706787109375,"z":1261.2459716796875},"rotation":{"x":0.14964090287685395,"y":-0.03676158934831619,"z":0.005566543899476528,"w":0.9880452752113342},"size":548.4656372070313,"orthographic":false}